İşletme,Kategori,Telefon,Instagram,Adres,Potansiyel Puanı,Öncelik,Web Durumu,Neden Potansiyel,Önerilen Çözüm,Önerilen Paket,Kaynak
Niğdent Ağız ve Diş Sağlığı Polikliniği,Diş Kliniği,0544 123 51 51,https://www.instagram.com/nigdentadsp/,"Aşağı Kayabaşı Mah. Atatürk Bulv. 46/3, Niğde",98,Çok Yüksek,Bağımsız resmî site bulunamadı,"Sağlık hizmetinde güven, uzmanlık, tedavi açıklaması ve randevu kritik.","Hekim profilleri, tedaviler, online randevu, KVKK",Signature Web Experience,https://www.instagram.com/nigdentadsp/
Net Emlak 511,Emlak,0546 447 20 31 / 0533 795 46 51,https://www.instagram.com/net_emlak511/,Niğde Merkez,97,Çok Yüksek,Bağımsız resmî site bulunamadı,İlanların yalnız sosyal medya ve portallara bağlı kalması marka bağımsızlığını azaltıyor.,"Filtrelenebilir ilan sitesi, WhatsApp talep formu, mülk ekleme paneli",Özel Dijital Sistem,https://www.instagram.com/net_emlak511/
Luxe Life Güzellik Merkezi,Güzellik,0501 036 04 51,https://www.instagram.com/luxelife_nigde/,"Ayhan Şahenk Bulvarı 15, Niğde Merkez",96,Çok Yüksek,Bağımsız resmî site bulunamadı,Randevu ve kampanya odaklı hizmet; aktif sosyal medya ve geniş hizmet listesi var.,"Online randevu, hizmet paketleri, kampanya sayfaları, WhatsApp dönüşümü",Marka Deneyimi / Signature,https://www.instagram.com/luxelife_nigde/
Yurt Emlak Niğde,Emlak,0533 426 53 44 / 0388 232 79 34,https://www.instagram.com/yurtemlaknigde/,"Esenbey Mah. Paşakapı Cad. 23/C, Niğde Merkez",96,Çok Yüksek,Bağımsız resmî site bulunamadı; pazar yeri profili var,1982'den beri faaliyet gösteren köklü marka; bağımsız web sitesi güveni artırır.,"Köklü marka hikâyesi, ilan yönetimi, danışmanlık başvurusu",Özel Dijital Sistem,https://www.instagram.com/yurtemlaknigde/
Niğde Emlak Merkezi,Emlak,0388 232 99 55 / 0543 669 12 99,,Niğde Merkez,95,Çok Yüksek,Bağımsız resmî site bulunamadı; emlak portallarında aktif,Geniş ilan portföyü mevcut; portal bağımlılığını azaltacak kendi altyapısı değerli.,"İlan yönetimi, gelişmiş filtreleme, arama bildirimleri",Özel Dijital Sistem,https://www.hepsiemlak.com/emlak-ofisi/nigde-emlak-merkezi-692268
Otel Rumeli Niğde,Otel,0388 213 11 42 / 0537 241 00 99,https://www.instagram.com/otel_rumeli/,Niğde Merkez,95,Çok Yüksek,Bağımsız resmî site bulunamadı,Konaklama işletmesinde Google görünürlüğü ve rezervasyon talebi doğrudan gelir sağlar.,"Oda tanıtımı, fiyat/rezervasyon talebi, konum ve turizm rehberi",Signature Web Experience,https://www.instagram.com/otel_rumeli/
Yuyi Beaute,Güzellik,0545 617 51 00,https://www.instagram.com/yuyibeaute/,Niğde Merkez,95,Çok Yüksek,Bağımsız resmî site bulunamadı,Yüksek takipçi görünürlüğü ve randevu bazlı çoklu hizmet yapısı.,"Premium marka sitesi, online randevu, işlem öncesi/sonrası galeri",Signature Web Experience,https://www.instagram.com/yuyibeaute/
Acar Emlak Niğde,Emlak,0538 520 52 19,https://www.instagram.com/acaremlaknigde/,Niğde Merkez,94,Çok Yüksek,Bağımsız resmî site bulunamadı,Aktif portföyü olan emlak ofislerinde kendi ilan sitesi doğrudan satış getirir.,"İlan kataloğu, arama filtreleri, ekspertiz talebi, WhatsApp",Özel Dijital Sistem,https://www.instagram.com/acaremlaknigde/
Diş Hekimi Selin Koçer,Diş Kliniği,0501 334 51 35,https://www.instagram.com/nigdestetikdishekimi/,Niğde Merkez,94,Çok Yüksek,Bağımsız resmî site bulunamadı,Gülüş tasarımı ve estetik diş hizmetleri yüksek değerli ve görsel odaklı.,"Kişisel hekim markası, tedaviler, randevu, vaka galerisi",Signature Web Experience,https://www.instagram.com/nigdestetikdishekimi/
Elit Düğün Salonu / Elit Bahçe,Düğün & Organizasyon,0555 030 07 51,https://www.instagram.com/elitsalon51/,Niğde,94,Çok Yüksek,Bağımsız resmî site bulunamadı,"Görsel galeri, paketler ve tarih uygunluğu talebi doğrudan satış getirir.","Salon galerisi, paketler, tarih talebi, WhatsApp rezervasyon",Signature Web Experience,https://www.instagram.com/elitsalon51/
Aves İç Mimarlık,Mimarlık & İç Mimarlık,0506 889 00 51,https://www.instagram.com/aves_icmimarlik/,Niğde,93,Çok Yüksek,Bağımsız resmî site bulunamadı,3D görselleştirme ve anahtar teslim projeler portföy sitesiyle çok güçlü sunulur.,"Proje portföyü, önce/sonra, hizmetler, keşif formu",Signature Web Experience,https://www.instagram.com/aves_icmimarlik/
Denta Home Diş Kliniği,Diş Kliniği,0506 256 09 29,https://www.instagram.com/dentahomenigde/,"Aşağı Kayabaşı, Niğde",93,Çok Yüksek,Bağımsız resmî site bulunamadı,Klinik güveni ve online randevu için kurumsal web sitesi güçlü ihtiyaç.,"Tedaviler, hekimler, randevu, hasta bilgilendirme",Signature Web Experience,https://www.instagram.com/dentahomenigde/
Fit House VIP Fitness Center,Fitness & Pilates,0541 809 23 92,https://www.instagram.com/fithousevip/,Niğde Merkez,93,Çok Yüksek,Bağımsız resmî site bulunamadı,"Fitness, reformer, zumba ve kadınlara özel bölüm; üyelik dönüşümü yüksek olabilir.","Üyelik paketleri, ders programı, eğitmenler, deneme dersi formu",Marka Deneyimi / Özel Sistem,https://www.instagram.com/fithousevip/
Seval Emlak Niğde,Emlak,0541 507 45 74 / 0546 507 45 74,https://www.instagram.com/sevalemlaknigde/,Niğde Merkez,93,Çok Yüksek,Bağımsız resmî site bulunamadı,2006'dan beri hizmet veren köklü marka; kurumsal güven sitesi potansiyeli yüksek.,"Kurumsal emlak sitesi, portföy, değerleme başvurusu, danışman profilleri",Özel Dijital Sistem,https://www.instagram.com/sevalemlaknigde/
Twins Beauty Center,Güzellik,0554 533 41 51,https://www.instagram.com/twinss_beauty_center/,Niğde Merkez,93,Çok Yüksek,Bağımsız resmî site bulunamadı,Görsel olarak güçlü sektör; kampanya ve randevu sayfası yüksek dönüşüm sağlayabilir.,"Hizmet kataloğu, randevu formu, kampanya landing page",Marka Deneyimi,https://www.instagram.com/twinss_beauty_center/
Şehrazat Deluxe,Düğün & Organizasyon,0542 499 76 99,https://www.instagram.com/sehrazatdeluxe/,Niğde,93,Çok Yüksek,Bağımsız resmî site bulunamadı,Lüks düğün konumlandırması güçlü bir premium web sunumu gerektirir.,"Sinematik mekan tanıtımı, paketler, galeri, rezervasyon",Signature Web Experience,https://www.instagram.com/sehrazatdeluxe/
CRP Spor Merkezi,Fitness & Cimnastik,0543 213 51 00,https://www.instagram.com/crpspormerkezi/,Niğde Merkez,92,Çok Yüksek,Bağımsız resmî site bulunamadı,Çocuk cimnastiği ve annelere pilates; ayrı hedef kitleler için güçlü web potansiyeli.,"Ders kayıt formu, yaş grupları, program takvimi, galeri",Marka Deneyimi / Özel Sistem,https://www.instagram.com/crpspormerkezi/
Niğde Veteriner Kliniği,Veteriner,0545 265 38 51,https://www.instagram.com/nigdeveterinerklinigi/,"Eski Fertek Yolu, Niğde",92,Çok Yüksek,Bağımsız resmî site bulunamadı,"7/24 hizmet, acil bilgiler ve randevu yapısı için web sitesi uygun.","Acil iletişim, hizmetler, randevu, hekim tanıtımı",Marka Deneyimi,https://www.instagram.com/nigdeveterinerklinigi/
Çalışkan Akademi Eğitim Kurumları,Eğitim,0535 765 21 51,https://www.instagram.com/caliskan_egitim/,"Aşağı Kayabaşı Mah., Niğde Merkez",92,Çok Yüksek,Bağımsız resmî site bulunamadı,"Kayıt, program, öğretmen ve başarı içerikleri için web sitesi çok değerlidir.","Online ön kayıt, programlar, öğretmenler, duyurular",Marka Deneyimi / Özel Sistem,https://www.instagram.com/caliskan_egitim/
3X Gym Pilates & Fitness,Fitness & Pilates,0531 811 16 55,https://www.instagram.com/3xgym/,"Dr. Sami Yağız Cad., Aşağı Kayabaşı, Niğde",91,Çok Yüksek,Bağımsız resmî site bulunamadı,Geniş çalışma saatleri ve çoklu hizmet; online üyelik talebi uygun.,"Üyelik paketleri, programlar, eğitmen profilleri, WhatsApp",Marka Deneyimi,https://www.instagram.com/3xgym/
Niğde Çözüm Kurs,Eğitim,0545 532 40 41 / 0388 502 01 03,https://www.instagram.com/nigdecozumkurs/,Niğde Merkez,91,Çok Yüksek,Bağımsız resmî site bulunamadı,Yoğun içerik ve kayıt dönemi; arama görünürlüğü yeni öğrenci getirir.,"Kurs programları, deneme sınavı başvurusu, online ön kayıt",Marka Deneyimi / Özel Sistem,https://www.instagram.com/nigdecozumkurs/
Santolina Restaurant,Kafe & Restoran,0542 502 24 44,https://www.instagram.com/santolinarestaurant/,Niğde Merkez,91,Çok Yüksek,Bağımsız resmî site bulunamadı,Premium gastronomi konumlandırması; kaliteli web sitesi marka algısını güçlendirir.,"Premium menü, rezervasyon, etkinlik ve fotoğraf galerisi",Signature Web Experience,https://www.instagram.com/santolinarestaurant/
Lotus Pilates Studio,Pilates,0545 205 98 01,https://www.instagram.com/pilateslotusstudio/,Niğde Merkez,90,Yüksek,Bağımsız resmî site bulunamadı,"Reformer ve klinik pilates için güven, uzmanlık ve randevu odaklı site gerekir.","Randevu, ders paketleri, eğitmen tanıtımı, sık sorulan sorular",Marka Deneyimi,https://www.instagram.com/pilateslotusstudio/
Prenses Güzellik Salonu,Güzellik,0546 788 66 52,https://www.instagram.com/prenses_guzellik_salonuuu/,Niğde Merkez,90,Yüksek,Bağımsız resmî site bulunamadı,"Lazer, cilt bakımı ve kalıcı makyaj gibi yüksek marjlı hizmetler sunuyor.","Randevu, fiyat talebi, hizmet açıklamaları, Google görünürlüğü",Marka Deneyimi,https://www.instagram.com/prenses_guzellik_salonuuu/
Saklı Bahçe Kafe,Kafe & Organizasyon,0555 152 36 73,https://www.instagram.com/saklibahcenigde/,"Fertek, Niğde",90,Yüksek,Bağımsız resmî site bulunamadı,"Kahvaltı, özel gün ve organizasyon hizmetleri tek sitede paketlenebilir.","Menü, organizasyon paketleri, rezervasyon ve galeri",Marka Deneyimi,https://www.instagram.com/saklibahcenigde/
Yürekli Mimarlık,Mimarlık & İç Mimarlık,0552 095 34 02,,"Yukarı Kayabaşı Mah., Serin Sok., Kayalı Park yanı, Niğde",90,Yüksek,Bağımsız resmî site bulunamadı,Yeni/yerel mimarlık ofisinde proje portföyü güven ve teklif talebi üretir.,"Kurumsal portföy, proje galerisi, hizmetler, teklif formu",Signature Web Experience,https://www.instagram.com/reel/C6RHHqZNBUA/
Günay Pet Veteriner Kliniği,Veteriner,0531 928 58 20,https://www.instagram.com/veteriner.gunay/,Niğde,89,Yüksek,Bağımsız resmî site bulunamadı,7/24 hizmet ve güven odaklı sağlık iletişimi web sitesinde daha güçlü olur.,"Randevu, acil arama, hizmetler, sık sorulan sorular",Marka Deneyimi,https://www.instagram.com/veteriner.gunay/
Kuantum Eğitim YKS / LGS,Eğitim,0551 459 51 51,https://www.instagram.com/nigdekuantumegitim/,"Derbent Mezarlığı Karşısı, Migros Üstü, Niğde",89,Yüksek,Bağımsız resmî site bulunamadı,Öğrenci ve veli güvenini artıracak program/başarı/kayıt yapısı uygun.,"Ön kayıt, başarılar, kadro, program ve duyuru sistemi",Marka Deneyimi,https://www.instagram.com/nigdekuantumegitim/
Arda Çayan Sports Center,Fitness & Spor,0506 096 22 86,https://www.instagram.com/ardacayansportscenter/,"Aşağı Kayabaşı Mah., Bor Yolu, Niğde",88,Yüksek,Bağımsız resmî site bulunamadı,Yerel spor merkezi için üyelik ve tanıtım sayfaları dönüşüm sağlar.,"Salon tanıtımı, paketler, eğitmenler, deneme dersi",Marka Deneyimi,https://www.instagram.com/p/DM-nWPwIWmS/
Göktürk Esen Bahçe Restaurant & Cafe,Kafe & Organizasyon,0538 482 12 69,https://www.instagram.com/esenbahce_gokturk/,Niğde–Bor Yolu,88,Yüksek,Bağımsız resmî site bulunamadı,"Aile mekânı, oyun alanı ve organizasyon özellikleri ayrı sayfalarda satılabilir.","Rezervasyon, mekan tanıtımı, organizasyon paketleri",Marka Deneyimi,https://www.instagram.com/reel/DLUhDbLtHt2/
Koyunlu Mobilya,Mobilya,0535 014 15 23,https://www.instagram.com/ergul.mobilya.nigde/,"Bor Yolu 1. km, PTT Kargo karşısı, Niğde",88,Yüksek,Bağımsız resmî site bulunamadı,Ürün kataloğu ve WhatsApp teklif sistemi mağaza trafiğini artırabilir.,"Ürün katalogları, koleksiyonlar, fiyat talebi, mağaza bilgisi",Marka Deneyimi / Özel Sistem,https://www.instagram.com/ergul.mobilya.nigde/
Masal Dizayn / Masal Davet,Düğün & Organizasyon,0543 344 30 51,https://www.instagram.com/masal_dizaynn/,Niğde,88,Yüksek,Bağımsız resmî site bulunamadı,Organizasyon görselleri ve paketlerinin tek yerde sunulması teklif sayısını artırır.,"Portföy, konsept paketleri, teklif formu",Marka Deneyimi,https://www.instagram.com/masal_dizaynn/
Yavuzpet Veteriner Kliniği,Veteriner,0551 596 67 85 / 0531 347 50 68,https://www.instagram.com/nigde_yavuzpet_veterinerlik/,Niğde,88,Yüksek,Bağımsız resmî site bulunamadı,"Kedi, köpek ve çiftlik hizmetleri farklı hedef kitlelere özel sunulabilir.","Hizmet kategorileri, 7/24 iletişim, yerinde hizmet formu",Marka Deneyimi,https://www.instagram.com/nigde_yavuzpet_veterinerlik/
Babil Cafe Bistro,Kafe & Restoran,0530 707 01 29,https://www.instagram.com/babilcafebistro/,Niğde Merkez,87,Yüksek,Bağımsız resmî site bulunamadı,Yoğun sosyal medya içeriği; dijital menü ve rezervasyon dönüşümü artırabilir.,"QR menü, rezervasyon, etkinlik duyurusu, Google SEO",Marka Deneyimi,https://www.instagram.com/babilcafebistro/
Borvet Veteriner Kliniği,Veteriner,0536 653 10 51,https://www.instagram.com/borvetveteriner_/,"Bor Yolu, Ramada Otel karşısı, Niğde",87,Yüksek,Bağımsız resmî site bulunamadı,Konum ve randevu bilgisinin Google'da güçlü görünmesi gerekir.,"Klinik tanıtımı, randevu, acil iletişim, harita",Marka Deneyimi,https://www.instagram.com/borvetveteriner_/
Tekin Mobilya Niğde,Mobilya,0388 213 61 59 / 0541 332 51 00,https://www.instagram.com/tekinmobilyanigde/,"Bor Yolu, Niğde",87,Yüksek,Bağımsız resmî site bulunamadı,İki lokasyon ve ürün çeşitliliği dijital katalog için uygun.,"Katalog, mağaza/şube sayfaları, WhatsApp fiyat talebi",Marka Deneyimi,https://www.instagram.com/tekinmobilyanigde/
Vega Özel Öğretim Kursu,Eğitim,0552 104 96 52 / 0505 582 11 01,https://www.instagram.com/vegaozelogretimkursu/,"Sarıköprü Mah. Zemerdin Sok. 20/39, Niğde",87,Yüksek,Bağımsız yerel site bulunamadı,Sınıf sistemi ve kayıt kampanyaları web üzerinden daha profesyonel sunulabilir.,"Kurs tanıtımı, kayıt formu, duyuru ve kampanya sayfaları",Marka Deneyimi,https://www.instagram.com/reel/DVLBvf1iudH/
CTN Mimarlık,Mimarlık & İç Mimarlık,Instagram DM,https://www.instagram.com/archctn.design/,Niğde,86,Yüksek,Bağımsız resmî site bulunamadı,"Mimari proje, danışmanlık ve dekorasyon hizmetleri görsel portföy gerektirir.","Proje galerisi, hizmetler, danışmanlık ve teklif formu",Signature Web Experience,https://www.instagram.com/archctn.design/
Öz Çavuş Mobilya / Wellhome,Mobilya & Dekorasyon,0542 681 10 69 / 0388 232 20 24,https://www.instagram.com/ozcavusmobilya/,Niğde,86,Yüksek,Bağımsız resmî site bulunamadı,"Mobilya, mutfak, PVC ve kapı hizmetleri tek dijital katalogda toplanabilir.","Hizmet kategorileri, proje galerisi, keşif ve teklif formu",Marka Deneyimi,https://www.instagram.com/ozcavusmobilya/
Metot Kurs Merkezi,Eğitim,0507 265 84 70,https://www.instagram.com/metotkursmerkezi/,Niğde Merkez,85,Yüksek,Bağımsız resmî site bulunamadı,Kayıt ve program bilgileri yalnız sosyal medyada kalıyor.,"Ön kayıt, sınıf programları, öğretmen kadrosu",Marka Deneyimi,https://www.instagram.com/reel/CghH8TqDWjz/
Tam'Bu Mobilya,Mobilya,0538 668 16 51,https://www.instagram.com/tambumobilya.nigde/,Niğde,84,Yüksek,Bağımsız resmî site bulunamadı,Özel üretim ve sipariş odaklı yapı için proje galerisi ve teklif formu uygundur.,"Proje galerisi, özel sipariş formu, ürün koleksiyonları",Marka Deneyimi,https://www.instagram.com/tambumobilya.nigde/
